Type,Air temperature [K],Process temperature [K],Rotational speed [rpm],Torque [Nm],Tool wear [min],Machine failure
L,295.41951223431636,312.2886144226995,2048,66.74498213355581,165,0
L,304.6848877759438,305.9539927731321,1695,28.775172881729357,158,0
M,302.98714191654574,309.28702020986435,1789,61.51038727309327,13,0
L,297.92822036700966,305.2916976364526,1628,17.901214206172423,116,0
L,304.7997032935885,309.8089014660301,1973,52.30245438121556,224,0
L,301.0188158963632,311.62434011701066,1362,54.518663770839154,248,0
L,300.82422658207247,306.1850262359815,1565,50.663394472079226,72,0
L,302.4807317942953,307.88884938909166,2462,25.13888416810918,248,0
L,303.11769788090135,308.97836625502157,1271,62.382588820912204,90,0
L,301.564786073315,314.1953102465605,1854,20.1315078022237,215,0
H,296.280957463662,314.93255015422966,1468,13.21808749124985,204,0
L,298.382675059945,305.4491129899562,1614,53.04789943671473,89,0
L,304.2808364032605,312.6100792349539,2468,38.52854291396402,28,0
M,297.24615611843853,308.71724066402345,2215,60.94588119752056,178,0
L,298.7216702383751,308.9245818622948,1874,33.00382846349554,48,0
M,299.32076882944193,312.5426497334702,2283,20.09671531046277,170,1
L,299.3940498969445,314.18426432145407,1205,60.186531548192185,219,0
H,301.1293958249453,314.5092859450255,2181,42.9345778984043,219,0
L,304.4307583774471,310.7712258603832,1769,21.351747543421293,71,0
L,297.40692711832503,308.57121159300505,1606,53.223039915186746,214,0
L,296.21501376300915,312.8754908585878,2440,40.66681830937003,220,0
H,296.9747048985994,307.51001383262303,1225,46.25877893441919,132,0
L,303.8692490020927,310.64074028833517,2228,37.65390029239491,41,0
L,301.4581081265521,308.5857846152487,2185,59.72253902908038,134,0
L,297.8590678923916,311.56631073707877,1589,59.77376294098299,41,0
M,303.1594693896862,307.40398912893505,1909,52.56332930946317,163,0
L,303.61369996363436,306.9159294573483,1770,16.324082643787737,104,0
M,303.4651433869028,314.18239086675436,1953,60.33123171424413,26,0
L,304.1892653363955,306.0180368294954,1345,50.26077883197459,57,0
L,297.52241020173363,310.0595790773493,1984,51.82144996025797,45,0
L,302.5504192874628,307.2085278296301,2472,31.7789704242323,65,0
L,299.6053949727414,305.38929963325666,1725,62.7567733694204,24,1
L,303.4199855289006,305.36018818291427,1212,53.522296014091445,72,0
L,302.28490677161614,306.7522177210583,2102,16.755427991751667,116,0
M,302.76447446499725,313.66770354506,1583,34.46668206436976,154,0
L,301.5616183768107,307.82478743977026,1755,63.182821717608505,128,0
L,296.7742876946971,314.50459170575294,2086,12.83180210184274,86,0
L,300.4502691889694,310.8162229298919,1218,67.68499717852296,73,0
L,304.8466973952451,309.36614189768767,1774,50.74975409917377,169,0
L,304.3738806649712,310.80088834669453,1950,47.8825586586026,179,0
L,295.4317373579701,310.16698385226266,2203,26.233555389279484,152,0
L,296.6481481572944,312.58776253757327,1618,24.927507324350625,181,0
M,296.31728773454563,307.8249606597285,1618,66.52349316931573,124,0
H,302.25979909985296,308.530503916003,1321,27.896347254047363,66,0
L,303.17785329856946,313.9409430253325,1631,56.530317803139965,5,0
L,297.1351136631067,314.46456513150406,1243,33.58730789242475,124,0
M,300.0585269295183,313.9255822748647,1580,18.35524424708224,57,0
L,303.407030280112,309.1944799395731,1344,10.642917861721537,69,0
L,302.3280154476625,312.8036550300688,1562,42.65544022091505,52,0
L,300.42237205491847,309.763357333011,2273,68.54672911293596,65,0
M,300.9034769045877,309.97539852146105,2288,32.14817162855227,57,0
M,300.0836054691628,307.04680109057284,1554,31.43154003958269,249,0
L,297.9754845131882,310.9113030325852,1999,30.645497070966524,81,0
L,300.65021992859016,306.8613589775335,2387,41.232630238291506,86,0
L,301.8888530205009,308.31564699067195,2364,36.43989300545761,1,0
M,303.7332291586081,313.55030201619934,2025,62.79487760362087,203,0
L,301.3629135397925,307.0707580921086,2351,40.331247503409415,149,0
L,302.6112153704316,305.7115828517343,1597,40.465470291314126,36,0
M,296.60071634954573,305.69007592612815,2079,18.302295683233396,147,0
L,299.6155747441979,314.4078452050311,1662,68.96437245462316,102,0
M,295.09331619827094,310.0692043796183,2007,24.99837345212978,23,0
L,297.46678864521624,309.0941207181702,1386,14.40184404757616,111,0
L,302.26461715113004,313.1087858100792,1931,49.788774938512525,211,0
L,304.91809951349364,313.35825927910514,2413,45.72198220941236,64,0
M,295.99178099587215,308.32191033115606,1628,34.90873923956474,192,0
M,299.0149431586129,311.93618057473793,2057,35.33153403284068,208,0
M,303.00070968699157,312.71122815851885,1436,57.10383526278587,128,0
L,297.040356346289,311.54650686865955,2417,21.742758405978943,116,0
M,300.55084949302284,306.515950748001,1970,59.215199136693386,115,0
L,302.33071296029675,313.75883083517056,1957,48.92482683370109,236,0
L,301.1598545026018,310.3909455273601,1335,35.13818642677146,221,0
M,296.88024734615414,307.82472426370003,1991,37.481716995032116,104,0
L,298.5538456868574,309.2522818543769,1370,25.398832431165747,238,0
L,302.83791784485396,305.3757109039891,1358,55.12685996181849,2,0
L,300.5422651413202,306.27866801222416,1400,40.772484538316064,45,0
L,295.0522961354291,312.6554675051586,2161,29.251272564990614,54,1
L,302.60990760028096,305.00011634755367,1782,45.76300694565701,74,0
L,295.3531135494024,309.16565828482294,2075,69.74406712307939,215,0
L,302.4573378273123,310.2251018108559,1570,36.11573677939323,213,0
M,297.02480560165236,305.54634420000974,1302,65.24148404671718,191,0
M,304.5807348011938,314.7307816297233,2201,30.701010395473965,235,0
L,298.67940751302086,307.2612533124967,2348,13.283962415499154,44,0
L,298.2693161633808,308.0419871963628,2175,22.25452638210573,153,0
L,296.4888805033244,308.03942512255026,1997,35.12170859966105,76,0
L,298.0560421549022,307.3041666211735,2453,23.17809571567414,192,0
L,303.766507618282,305.01473822086314,1857,10.013622293095333,23,0
M,304.96334337627246,312.29344794087996,2081,64.90009226485164,201,0
L,298.6830953050685,314.66845499799285,2420,60.63276467385574,34,0
L,299.48610630954545,307.24293483285044,1932,54.537533889216824,23,0
L,302.2207093820274,311.63047191803423,1622,20.06887573876172,27,0
L,303.86195780465073,312.41896326958715,1771,17.221814572599165,227,0
H,300.93044334186783,313.48425379090526,1370,14.05628496834299,207,0
M,298.91525698177827,309.2262919701361,1372,53.441751326375275,231,0
L,299.12621840848624,308.0293090564043,1862,65.72847764127312,15,0
M,301.95618146496804,308.2529513402303,1652,35.83214925478222,58,0
L,295.03218263604276,312.12621333098514,1549,17.14844031976289,208,0
M,301.1958933745984,313.16779466505636,1693,40.743569243926395,242,0
M,298.5549301044136,306.816139677566,1819,30.92991444751781,181,0
L,302.94197331277087,308.70941008157763,2227,32.48949546099986,206,0
L,295.9299063982313,314.0194019674915,2316,47.27983744934244,143,0
L,300.8820226694839,313.0669351969474,2118,53.12308679573214,14,0
L,299.80972889886124,314.8485840276248,1205,16.63621593238965,248,0
M,301.42325525905227,312.54248259682083,1487,12.135413848388584,225,0
L,295.6485359448297,308.93195201027925,2369,69.6598181611429,10,0
L,300.7998378742813,310.9063783399464,1807,23.963700934933108,192,0
M,300.61484587959524,311.6101425424732,1656,13.229831494507545,78,0
H,300.6066009441617,305.78455816317125,2425,21.392519745755198,217,0
L,301.03487666596453,310.44496959103867,2435,12.337470780907854,114,0
L,301.76467937226363,312.0932082847261,2229,33.508653677030296,67,0
L,303.0498899968077,306.6732130400106,1823,58.14410706707945,42,0
L,297.6982072012821,312.8063171742556,1575,30.474666985463237,68,0
H,303.2504941018006,310.8377278051411,1646,36.651004412701994,226,1
L,299.98255682263454,314.52221785697594,2034,50.53520641404633,140,0
L,295.7705827913433,305.4242229820689,2329,40.53364420419281,137,0
L,295.5855092924398,307.6532613755547,2010,61.68674116127945,74,1
L,298.3423831869606,311.01553879299826,2319,61.96214050274539,209,0
M,302.8489697711147,307.9655991220593,2158,10.594641729469219,225,0
M,302.07680934740915,312.14424164071244,2048,56.68277838899195,102,0
L,302.88614964672405,312.5900528252193,2008,37.64401601450044,40,0
L,300.1726905644161,306.02515964066475,2178,69.33043247821979,233,0
L,299.4019899795549,310.1385446420677,1615,38.99392455252611,177,0
H,296.47452526706286,310.08890555591057,1925,69.21375672329785,214,0
M,298.2819275360931,308.6928077021554,1653,55.27416167234419,198,0
L,299.34019366173874,314.3292486256967,2416,24.91629307679838,58,0
M,295.88600429679616,313.2750631987322,1349,42.30369875721746,38,0
M,297.2061195271121,311.97209381909636,1958,69.52813836871496,2,0
L,300.9822529406374,312.14326635735,1978,61.45183646511542,203,0
H,302.3566311423919,309.6171614381312,2172,15.842013627473266,6,0
L,304.9834751139295,314.20994521096577,1962,52.38231980859977,48,0
L,304.3311333134356,311.94595427253284,2201,30.734775152248783,25,0
L,301.4256519953519,312.28981061655816,1275,10.418935712820886,160,0
L,299.21248053294073,313.6169090378734,1798,34.20885814161998,100,0
L,301.3617736470823,307.7407158934219,2493,24.08526530349828,175,0
M,302.8565161808023,313.070709038667,1424,59.132156231228294,78,0
L,296.1833619092339,306.95240602956494,1312,30.23983653074593,1,0
M,299.09904889696287,308.4534195224489,1450,59.65142163722903,232,0
L,303.3980228563562,308.3561045426984,2456,10.035876330087719,126,1
L,298.83832951933044,314.7852546838914,2040,28.46914900156715,198,0
L,300.71872271227187,313.56537223747927,1913,24.46991285846572,159,0
L,300.877693608622,312.0116986159026,2306,24.01404166411666,131,0
M,296.8447625313364,312.2705676161539,1324,14.091197185927761,19,0
L,298.6223544165229,310.6207279440257,2398,21.227456224630103,241,0
L,298.3451128874193,314.4709066710852,2292,43.33297419313719,116,0
L,295.26196708532063,309.96258752882363,2270,27.481664370264667,163,0
M,295.24191763891355,308.80517709869895,2083,35.04368693974888,31,0
H,303.31697043675774,306.6303533693159,2479,32.61201282083131,27,0
M,297.73070809972813,312.8620565226106,1229,62.55429549999368,76,0
L,300.1807876623881,312.3444393207559,1480,64.31793994063094,0,0
L,297.98725573588774,308.8435503852414,2123,39.577418299351606,187,0
L,304.4067924511534,305.2519341395923,2460,29.809357018936264,55,0
L,297.59296758865776,313.3899732771801,2471,16.408042240141818,34,0
L,299.2965681273894,305.1141798345407,1567,67.20417276292571,111,0
L,303.727302504846,312.0369977962905,1694,13.613616694017846,29,0
L,303.41933566791806,314.70257109726055,2248,27.859016654096827,53,0
L,296.86101417846277,309.37661328148204,1917,27.88397207020025,35,0
M,303.0264330979571,307.3497340499595,2216,29.224077168412894,248,0
L,299.58186886737894,312.0487101004338,1805,19.857210596344558,182,0
L,299.82968872085354,313.1712814201559,1574,56.98968585542183,216,0
M,296.33479972415944,310.46430316077846,1838,17.349871717959353,79,0
L,295.80601513757125,314.6703527525615,2248,48.09439954918977,57,0
M,302.27939306973764,305.5166872165796,1315,17.430761602349047,82,0
L,299.964611523553,310.04795598304526,1247,14.232138255577393,64,0
L,299.3685070261518,312.1845394732255,1298,64.56577022115259,68,0
M,302.29508228652395,313.6264047114918,1604,21.40772597912234,127,0
M,302.6551289899111,306.7925561190779,2437,59.275009273582256,50,0
M,296.5890816766935,313.0000348176368,1884,42.67785226642815,21,0
L,301.1022514947764,310.52707075718547,2102,14.671391176526177,215,0
L,296.35354082277684,308.9655368198996,1702,67.32689148628404,106,0
L,302.51375086029043,306.31715028579094,2093,24.81767001951355,108,0
L,301.5695515626714,313.6529575890891,1457,61.57872072115639,115,0
H,304.5661462108346,306.57273208179714,2043,20.12860034707385,100,0
L,295.6895801635642,308.097878592091,1320,61.23657292851117,180,0
H,295.5705472115125,307.90045531962437,2009,10.793728774317639,99,0
L,297.821870746932,313.71414034190855,2177,40.70682739416884,163,0
L,297.6170568373591,311.72702994208896,1253,56.166554765293405,67,0
L,297.46978799072,312.9668139719137,2218,66.087731049567,35,0
M,304.0625458052104,307.504678987925,1983,64.55212817238922,179,0
M,297.49546199849505,311.24874099607,1440,59.17749217285869,180,0
M,297.71949726128634,310.7174598314375,1682,63.29148097967825,209,0
M,302.59398262417966,313.3283037678827,2212,21.95318115022459,177,0
M,299.4973984245054,314.0608706048126,1386,27.051057742703726,207,0
M,302.7671055695518,305.12156771477385,1855,27.33811149526351,168,0
L,295.65366157564387,311.74019919058793,1461,32.62323586010193,145,0
L,299.87571193673386,305.51835799119726,2152,33.59924022311132,21,0
L,295.3361360018328,310.4885866507736,1690,42.67331947928053,65,0
H,295.6265320345535,307.8763272904368,1630,19.592785801986484,20,0
H,304.0643745334441,308.0677659952214,1438,51.47479982715936,99,0
L,296.39245371117596,308.52958503452356,1503,20.05399235827039,127,0
M,300.32420682275216,311.2129244904961,1497,28.618508926272852,43,0
H,299.11095602600705,308.3404996566877,1275,40.20070783636925,102,0
L,298.4734332625884,312.3269905059028,2198,57.78643369140864,46,0
L,303.99833345687273,309.0452738557387,1841,54.368153994323634,38,0
H,295.2182339677549,305.6835320030996,2026,48.732061384631336,28,0
L,301.6378968617559,312.8375984248411,1482,19.346395634810207,53,0
M,304.6339443421355,307.85758324592706,1790,42.82272073693466,89,0
L,300.60168183461843,309.3276687959926,1271,15.246790107993126,84,1
H,304.3682246203309,311.854438832219,2486,32.641790607799045,16,0
H,295.52257879286026,308.3245615714871,1902,34.81099181739755,79,0
H,299.1879331907416,305.56585656146717,1774,12.38868636674523,187,0
L,297.6015779096205,308.7392104701281,2199,26.43928596819831,158,0
M,302.3082096498073,314.44448582694304,2091,67.33896803598935,242,0
M,304.8129709049725,311.4173439729856,1211,67.21795646978137,72,0
L,297.5653006244425,311.7147914866721,1340,31.139623255152358,222,0
M,301.54174601474074,311.3228215363764,1216,12.586006536899443,205,1
L,296.9809763275974,306.9899213895944,2286,20.745696359690893,48,0
L,300.6533025457161,309.18333864102283,1452,33.53306760601241,100,0
L,299.6393248668834,312.50939798363316,1664,66.86678187815379,1,0
L,304.72005329631537,306.0137289755316,1575,18.471943812231096,243,0
L,301.08527272696466,307.77852776089713,2180,55.81095062009273,175,0
M,298.4950637208682,307.76319108465856,1719,16.520952362481523,237,0
L,296.14095784887934,309.32018927594504,1289,68.87545464347662,141,0
M,296.51246828734935,314.80368740942185,1919,32.8969899465481,58,0
L,297.25316929951236,305.67502546683824,2003,56.51407233394336,96,0
L,297.509666613403,310.18700994380595,1995,30.55546496866791,98,0
L,303.50616057841137,306.7936468201221,1829,47.66013262952852,185,0
M,300.61222788282527,314.7067654540974,2398,21.520965084402203,102,0
L,300.23390911374366,306.13303504727463,1275,18.761261157817753,185,0
M,296.14768871869217,309.0360100236159,2125,66.28384837408788,238,0
M,303.60139693349436,312.3788498483461,1599,65.058836674266,178,0
M,302.22814303208486,312.04554428027444,2169,63.24813641277294,211,0
L,295.676683619,309.2272863689393,2294,47.52600700999561,1,0
L,302.0783509722977,308.4652416795272,2403,58.496092672976694,242,0
M,300.43538217342643,308.9761237855287,2347,14.142216214682495,40,0
L,295.81725345746776,307.6427626315864,1996,30.08734251344075,210,0
M,299.58300641528655,307.053329387068,1394,28.822187485429374,122,0
L,299.8469628713005,309.8303969755889,1427,48.1387193171568,228,0
H,296.6577454016328,307.6853375606761,1660,31.35746640823843,81,1
M,304.4569814700028,307.8746166489725,1817,18.91040689862085,143,0
H,303.4997537148066,311.5675606347456,2244,45.78802452481262,131,0
L,301.6902233732911,314.68537331699895,1263,58.86303524014489,139,0
M,299.62295561000604,311.03637200559376,1364,32.92740966759839,28,0
L,299.1176554158451,305.7697946706497,1226,17.936122905908903,134,0
L,301.50973467150953,305.75583613854064,2211,21.801291838769384,13,0
M,300.45431869406906,314.51423220845567,1484,24.24899831016304,246,0
M,295.62273105881883,307.97290790307335,1480,27.99385557967217,11,0
H,300.12502648770334,305.9206698608248,2037,48.567704230378546,98,0
M,303.0640361723284,310.9904458715038,2030,46.05672907226314,132,0
L,299.59239877596957,311.23648778290266,2387,51.76479169402235,80,0
L,295.5195657755427,311.4850482011869,2117,31.75011907189079,249,0
M,302.8627819938403,307.6740202785754,1423,59.4398591127987,105,0
L,297.01363782135974,305.15110684214477,1983,22.245259669345614,31,0
L,297.5862083488804,314.6501536945447,2369,38.14244485108924,73,0
L,296.64706353432297,307.508930456911,2164,58.05632329248582,170,1
L,298.302150648715,311.7602628805255,2149,20.809518863957155,80,0
L,302.56751505688635,312.0662986987871,2253,16.591786824446977,68,0
L,300.1938585950394,311.10007417079487,1244,63.021038061279384,44,0
L,297.0488127415071,308.1290739421365,1670,30.575779765551754,105,0
L,303.7783007815204,307.7109625376407,1233,51.03220749454192,136,0
H,303.7958185495153,310.97668282702705,1852,11.520916255836308,176,0
L,303.70578425046006,313.6609563361169,2029,51.402813304566976,160,0
L,297.3879621138154,314.46733728923397,1420,28.966078692818233,227,0
M,299.5123934418099,306.05905804403756,1733,13.344451215246504,99,0
L,304.84989656140874,306.5482861259772,1891,46.58876569288702,145,0
H,302.7201247630999,314.4473625878308,2131,24.448228964390395,8,0
M,295.2716742122556,312.36535228334793,2040,33.2084345231128,61,0
L,295.65204591260493,313.8299382482977,2210,14.834848737190816,184,0
L,299.6393137681233,307.0263263413534,1781,18.82979506569672,28,0
M,304.0922020586156,310.875858711094,2339,27.878634129750626,124,0
H,300.3870179795271,312.01139594417475,1438,15.385570033609428,113,0
L,299.9781250803429,311.80111885446973,1640,64.64957588117892,205,0
M,296.05473699956633,309.08151690866697,1347,10.362822591038706,152,0
L,301.56780104724294,305.15394891691307,2232,39.031613131858684,142,0
H,303.22103160600227,310.8292605680426,1587,17.394847487953086,133,0
L,298.80420007507564,307.5310153917961,2273,28.46074536867691,119,0
H,302.75611850925327,309.5025424614289,2115,65.56357358909594,169,0
M,304.6447665390081,314.57581015083815,1837,19.70167319643921,156,0
M,297.0376645912769,308.9903531764243,1477,67.94993918309996,78,0
L,300.2332963119474,313.3980160666443,2188,22.347662619365302,92,0
L,297.87137958084577,306.8854060574925,1788,54.49396650800978,3,1
L,302.9285441903384,311.72460498025026,1848,42.8006358938387,81,0
L,300.7759336588116,314.77006954438946,1817,63.06872365580555,241,0
L,301.345824175503,306.0189310087294,1334,43.23959533018785,184,0
M,302.97914159615897,305.08319942227195,1779,42.07355314937852,176,0
L,298.9597047266245,309.33582792632615,2370,21.727480022103993,171,0
L,304.15090068407045,305.9262548305137,1689,19.97376172309952,230,0
H,300.3302886724614,312.4838434967623,1677,64.98934906693086,207,0
M,296.5795482283535,314.1454866384856,2382,29.670291931002044,74,0
H,301.958991181688,309.3402097270876,1583,32.324935297773756,13,0
H,302.9326135043825,307.5871164215544,1362,55.589419505703304,130,0
L,298.1676167706753,309.3440331900661,1640,30.329408945368442,242,0
L,303.5717925699875,312.2344781785,2412,67.12374679834016,113,0
M,304.06143254765766,305.0905416158037,1614,54.27566613992802,61,0
M,297.7690448737781,310.89453989484696,2404,45.845754554405204,105,0
L,304.8352147271522,311.1329168488738,1487,62.853709632685145,63,0
M,296.4071152804876,311.37688246895937,1386,12.976354500968965,101,0
L,297.0201566840249,307.42022079980876,2361,25.423761531352525,172,0
L,296.84224839238027,312.14052723378126,1329,37.9021800532546,105,0
L,303.9398971000787,305.91391486331776,1393,23.618712368291263,209,0
L,301.5429255232496,306.992703364668,1515,54.634311238129115,185,0
L,296.52104283222275,313.7747004665448,1343,65.15248186322351,19,0
L,299.4032341836835,312.38723150726565,1215,35.426207195855405,57,0
M,301.152980250698,305.1374555401135,1622,30.527956006713698,111,0
L,295.83464084989384,307.483762603698,1444,67.69304392825399,216,0
L,303.82416368407337,307.14406482993166,2126,36.69114596965245,56,0
M,303.03603535441533,307.70806328036974,2330,39.342904026956994,229,1
H,300.0520677357664,307.47559770279884,2311,31.09899234051432,204,0
M,304.6712661525917,305.62526295742845,1328,64.57290838072831,195,0
M,299.177609792751,309.58940516596823,2106,44.137328996911044,118,0
M,304.841103190365,312.32733474786164,2086,55.730475230898676,205,0
L,301.67919998803626,311.06731724717434,1540,58.70840310105318,96,1
L,301.3467127325394,311.72871668598077,1203,30.51094251503549,91,0
L,296.65954895295783,305.81149178536236,1505,36.0216598792228,51,0
L,303.8192775830464,314.51490710176785,2107,60.908306464375876,36,0
L,299.27489687920615,313.3849183384302,1806,31.795321100548616,7,0
M,296.6223340578248,313.0509031849566,2448,57.636108007111076,43,0
L,295.12607519975757,313.2298380504177,2191,66.45953935446622,97,0
L,300.59755683638383,314.3271050813276,1520,47.39262238408042,235,0
L,300.27399622122675,310.442539661137,1758,54.49763724711333,132,0
M,302.1935362236916,307.00282017867625,2404,58.305838722468096,117,0
L,303.902580530178,311.1678360785254,1817,60.70237893379855,68,0
M,295.79406584643027,312.4288149366794,1910,33.70320027140776,158,0
L,302.3149649034036,312.37917393354024,2331,13.07580755055989,44,0
L,296.87411944097585,310.2144902416688,1730,34.11257627420437,136,0
L,303.58177053157164,305.6845871933358,1609,50.42537378704539,233,0
M,303.1906351386166,308.7111293843013,2017,37.02102314684757,31,0
L,300.40793754985543,314.20766608463356,2394,54.937789051623916,32,0
M,302.1024279862331,310.84448909757424,1692,31.418945768119833,125,0
L,298.14350113183747,310.38331943255713,2418,48.084648466241774,66,0
L,299.71167898932816,307.6885351438219,1211,21.185188291238475,29,0
M,303.2163689771047,308.6844891991658,1394,54.96216619869742,113,0
M,299.59265197173215,313.9534608915317,1689,42.74175812878155,203,0
M,298.5779826532544,311.6646304752684,1994,22.243863312796037,28,1
M,299.942124472503,312.87387026752333,2080,27.514670409868437,130,0
M,303.2824925243722,309.54345423067656,1381,54.91652251490994,217,0
M,298.3520804737087,311.3024721945616,2161,38.95607413969124,184,0
M,296.7376159313574,307.48383608743205,1855,22.961886423584332,29,0
M,302.1201402033078,312.0546083028349,1893,68.03627142221785,136,0
M,303.2597821270808,309.27601333703336,1229,52.907501189013274,153,0
M,296.0063747852353,309.4254551481475,2319,67.42808995238777,129,0
M,297.39874112755945,311.49322324576883,1977,35.62630272162059,61,0
L,296.4197198976099,314.3628062146893,1643,38.506020441503225,2,0
M,298.47941411582167,305.6400634660862,1497,63.87731297110115,173,0
M,299.50350978905414,313.2474323734701,2007,41.50296041472308,67,0
L,302.48826336963305,307.9238311041219,2044,52.43673471434003,24,0
M,301.51147584881676,309.4391945450638,2215,25.130372649731797,178,0
L,301.2092856747843,305.2191332877501,1753,36.80358812215843,140,0
L,298.52374946609655,308.01046077834314,1502,17.406991948621307,230,0
M,303.4144755308476,310.02631242630133,1620,22.3588021526177,43,0
L,299.7128716739816,305.5617607734744,2469,10.056604916057864,162,0
M,304.79104938015155,309.91095729383164,2460,12.355903098919613,54,0
M,301.3414213829574,314.2711062885843,1384,68.63702939061577,214,0
L,296.262647415645,306.05393218107804,1667,24.54122170820574,136,0
L,301.76177562075435,312.64440728075505,1953,49.79864257024012,129,1
L,298.25104015431697,309.0967105337599,1562,60.345981927976695,188,0
M,301.86327196686096,311.5517371452434,1535,43.039627554193856,245,0
H,295.69641148162407,307.60236597985227,1361,19.188670005037373,40,0
M,296.7488143717596,306.5949226254136,2383,53.686986240169986,171,0
L,303.5573725890579,306.6046261427123,1211,46.015084605974984,63,0
M,297.27179557023516,305.70491945643147,2296,53.8750353608425,30,0
L,303.3704112524294,306.85646704901245,1787,56.18479737142523,235,0
M,297.7927608845441,311.6421938498897,1400,68.5246220610847,46,0
L,301.4288191005871,313.8169061184351,1721,44.4137968016026,129,0
M,301.9415057350983,313.1412568559116,1704,30.49846676143611,95,0
L,300.1265475314505,311.85134309874485,1987,48.907873414014226,209,0
H,298.0531067669673,306.10431863411105,2262,14.106442554557567,76,0
L,297.12644376371094,307.8918744629595,1259,63.84383909929518,109,0
M,295.33189354562427,308.0980687532247,1777,17.162860680291807,68,0
H,298.0394640124072,307.49956946397623,1520,29.670570273149096,57,0
L,301.5316279053128,310.1500565970972,2122,58.944722837567255,105,0
H,304.38304818448484,310.3555381487967,1768,45.83874269984271,43,0
M,303.7120448226305,308.5688597517111,2301,33.618131216646525,73,0
L,302.660647765353,308.53789158736436,2417,38.40613956250128,55,0
L,302.884473432533,313.2855559790608,1726,61.27284359213082,170,0
M,301.64984903475994,312.89292848319684,1723,30.40026316359353,126,0
L,297.60286857566,308.07795831680744,1812,62.17898108873028,216,0
L,304.0719503070583,314.1378844387326,2379,15.28806585860149,161,0
L,301.70732311905834,314.52815017002507,1324,56.60790623251784,228,1
M,300.6044063098044,308.2674254203004,2070,60.85285798328418,29,0
L,296.1098946921348,308.54424948793053,1479,20.909059170240326,70,0
M,299.47055543806425,310.0563415342196,2116,35.82079194233202,197,0
H,299.60358271201926,314.4112081253367,1821,19.929986479819338,117,0
H,303.6456360952267,313.7631943314231,2045,52.39624773965306,54,0
M,300.4664822018779,306.0256796258359,1873,42.120866083699404,66,0
L,298.8040054897041,308.92730743271414,2351,48.119400802499264,140,1
M,304.7680032851066,310.5337118974977,1513,21.78921801737267,2,0
L,296.1072059332632,310.0313247255154,1531,22.704751723145172,25,0
L,299.22548428311944,306.93863067936894,2373,12.489839530594383,56,0
L,295.42024675171405,313.58816771168154,1235,29.324052111743782,125,0
L,302.3990412076693,311.7694078299684,2245,43.5846796800205,151,0
M,304.18076552199153,313.37908374851804,1405,61.476094839839725,52,0
M,297.80037329550487,313.5876427934947,1838,50.01564684752084,197,0
L,303.5834167679912,312.48355853665737,2047,36.12377940398508,42,0
L,297.92218230461896,309.39210601249715,1639,67.18720686364827,187,0
H,304.10770161643916,311.10546755015423,1928,53.15471203454991,185,0
L,302.53961903596786,306.6036540611974,2319,65.809912171753,48,0
L,303.0490677684144,311.7364541747491,2140,41.65527839632994,41,0
L,295.18006555600454,306.7925325573928,1363,25.534256487588376,203,0
M,304.6281035707403,311.9394959051016,1347,13.16960118188332,240,0
M,302.26670992070325,307.29598160753966,1493,53.56509108903103,227,0
L,298.0475109538613,306.1755130015022,1394,17.278179880332047,193,0
L,303.2939466485885,306.65284490142955,1862,28.166507696318032,10,1
M,297.8152119841493,305.0199213521907,1679,41.94825447303384,102,0
M,303.72753839566127,312.1873961785353,1322,43.86499526678486,97,0
L,296.1258039041194,312.3240104905838,1898,46.03499181922816,217,0
H,302.03685977460793,310.1493334991326,2164,19.975319820982037,145,0
L,300.4069847664491,306.61362801055384,1860,32.784244289298925,84,0
L,295.9653447019544,305.8355433751069,2327,47.031653627018,99,0
H,297.4189382825884,305.19128966437285,1909,68.18913187802708,103,0
L,295.12404036277314,306.6574817696522,1595,53.65786826198132,179,0
M,299.6876796546451,313.9085553498315,2111,65.35622542563746,45,0
L,298.0126526076,307.4153684170168,2204,55.732723498850625,43,0
L,300.9835748429776,308.54271327217214,2365,45.503018133544025,21,0
H,297.97237807708615,306.05345484481336,1516,21.521402148180673,180,0
L,297.99919111506983,307.2236130474817,1880,50.001139113550785,186,0
M,302.43193198731603,310.19224570780204,1694,47.40277395759443,221,0
L,295.48142835978354,311.0775268309565,1755,46.148150227435984,113,0
L,304.02894995191986,307.4535231416621,1809,39.387152079294445,234,0
L,303.52263874391184,305.57732159225117,1308,41.71939623935654,124,0
M,301.67804683226404,308.910328691274,1571,30.066551627086245,123,0
L,300.93221570107386,307.3420337092633,2054,41.15876155853819,29,0
M,303.9230249813965,307.195539232298,1815,21.853354340708695,7,0
L,296.85330179528717,314.59862802713457,1967,58.31046384162261,97,0
H,295.7896916219083,311.1630048592572,1405,21.146617281922467,56,0
L,297.3951016990954,310.568784431721,2046,15.097977393367985,110,0
M,302.9457827870019,309.1577510352332,1242,36.17476158142944,72,0
M,295.3467026672648,309.28944333430144,2064,49.49844637036371,114,0
M,300.8280683508349,310.4090500383808,2468,36.26300949601249,19,0
M,304.9543751619131,311.96429807036105,1984,26.605247917078515,231,0
M,303.55696093837537,312.0214609618183,1675,43.490271033426446,24,0
M,300.2144568904359,306.7169390770545,1282,30.820140124731996,18,0
L,295.6364090928664,310.00112752076626,2333,65.97206140759798,4,0
L,303.3137351438571,309.119580950341,1389,65.35870837621432,74,0
H,300.9897850817721,313.70526966269387,1999,40.14230919832573,206,0
M,296.14932997059566,311.31418921218375,2135,29.67303964109551,127,0
M,295.93857284823355,310.3250406641598,1450,54.22794483739835,71,0
L,304.0962681943659,306.15394642178916,1490,12.202776608984,210,0
L,301.6920026293808,311.0563788932341,2424,38.486140362619075,214,0
L,303.29286799316753,306.17203905680236,1525,30.17940365622001,154,0
M,303.78978900282266,308.3720657556575,2036,65.23215310615328,39,0
L,300.7177235204832,306.42841964814335,1707,10.720181636360952,223,0
L,300.1744635175504,311.9207364702437,1930,43.168892543100945,25,0
L,299.3042741032099,307.06252113836155,1271,54.43981486399756,26,0
L,298.1694658779112,308.91859373188026,2470,39.10107925144247,189,0
L,299.3459596085871,313.9567477761878,1840,15.1241818097633,82,0
L,302.73879655730155,307.0431638339897,2139,68.34768340167413,127,0
M,301.0192343101513,310.0780506395878,1807,41.080625882565876,177,0
L,303.92523289954846,309.1927166116602,1765,46.85117465914068,169,0
L,299.43380014379187,305.1812404104573,1253,24.19658696245044,156,0
L,301.07089578718757,312.92758113572813,1727,39.00988510640823,166,0
L,301.3130755309199,305.690459063146,1810,35.74896951749931,187,0
L,300.91697162306326,309.74255020976955,1392,14.493750520119024,168,0
L,302.0263377308552,310.6067829493895,1257,16.36962121284803,32,0
M,297.3743346837481,311.28426456614585,2334,60.24835117712647,210,0
L,300.1236377754579,311.8863162930788,1328,24.389197132395417,228,0
M,296.04224802808346,307.53272383522716,1905,21.697496289917833,210,0
M,298.8451132764481,305.0997877665845,2051,40.294687075008355,96,0
M,299.87667068621266,312.23443662354913,1207,56.124827881750775,110,0
L,301.5222425954547,310.3565659934758,1228,13.716791114739275,15,0
L,304.50531052586206,313.3611770320725,2335,44.60847517829535,22,0
L,301.0065106654836,313.21388362900694,2146,17.1526265704344,134,0
L,302.4359391617656,313.4332616778788,1330,12.187663049537107,25,0
H,300.06266059495204,309.8509465997954,1387,13.164637129733043,95,0
L,301.3410403137633,308.33628395836865,1908,60.04984649250648,11,0
L,295.70932216133775,312.9155820259137,2427,17.078349017683692,71,0
M,297.5439158084185,309.5129411302926,1411,12.709081864737517,132,0
M,298.6185309320514,306.83442196403433,1475,36.27399322857474,105,0
L,299.72493355006515,313.54974019561473,2296,60.63960831652149,219,0
L,295.4564874550238,313.8255987677235,1442,25.744502589358117,116,0
L,296.40024097553317,309.6630975614017,2325,35.302757051554984,196,0
L,297.76814307791307,305.75699727309785,2186,12.395351953825074,176,0
L,304.7153269090105,308.87826089916933,1884,36.944710848092555,25,0
L,298.3134700710305,313.03537659462603,1370,44.65678483822802,132,0
L,299.8204105811208,314.0177402854623,1852,44.25442322512869,21,0
L,296.96097712738396,307.034727424976,1387,29.94560153046191,206,0
L,301.10780071075766,305.6697361202527,2309,28.93199083978813,12,0
L,297.8068321551597,313.7735045313284,1251,16.397417136195873,155,0
L,297.0699257843843,308.89404938978873,1310,32.007899238776105,160,0
M,300.16572628445977,310.41760964267564,2076,15.96968013237788,106,0
M,295.0550579916042,314.6806581205076,2266,55.9957566827231,22,0
L,295.0766403264923,305.6656472791422,1410,67.97645786489116,96,0
L,297.19068809101856,311.48318007452093,2423,68.20446740000241,234,0
L,295.3672136250082,305.74105422574866,2057,61.90426596252363,17,0
M,296.08025754130693,308.754689284665,1826,46.04752896037715,241,0
M,298.3886064933875,313.03814545193444,2249,52.05194183463279,116,0
L,303.0258567957981,309.33472232755634,1498,27.112348160824844,29,0
H,300.720486433693,314.9718235390295,2300,47.84622521035724,25,0
L,300.1266772595642,310.590592849466,2123,37.338972966392646,143,0
L,297.9348882320812,308.2116215263595,1336,38.92104038661595,204,0
M,304.31753719432817,307.20111325904753,2243,55.46659362250948,38,0
M,298.97015041237194,308.50520534286164,1639,26.9151013358351,160,0
M,295.8709276679577,308.7253327375955,1410,29.082376701671194,153,0
M,301.170665161178,305.68713677723963,1951,65.4785074677182,175,0
L,296.138383934766,308.69574199426773,1634,13.373457691058334,192,0
M,298.45223142801694,309.64238519739223,1979,39.13805790480042,240,0
L,300.0741193871781,312.22737752238805,2430,64.76804802447171,165,0
M,303.7422252468518,311.5672948472161,1638,46.62178046908942,129,0
L,299.9354658034012,312.08765655229155,1865,42.784424452727926,112,0
M,302.0225876603166,305.0836368187686,2265,24.984650753761315,133,0
L,304.92816838999073,307.17667399580534,1610,30.596529343866898,45,0
M,296.3148911989798,311.6168428839986,2005,61.12290494828157,49,0
L,297.7473152551952,309.8398936817975,1809,43.553087906107486,165,0
M,298.94576075597644,305.05313475668345,1626,40.884531625406794,105,0
L,299.2182817853883,313.0449464243182,2498,15.974782812401735,215,0
L,299.11021075265546,312.7280957329034,2101,10.961689387307388,145,0
L,304.0761100255655,310.48419162993565,2141,67.82111132122294,154,0
L,302.1403264446686,305.6646332577627,1941,32.619170037210495,168,0
M,301.07905214090704,312.66515049532586,2443,46.19278372597026,71,0
L,298.09372717862783,310.83713587731364,2455,14.7829043912371,219,0
H,303.237903842213,312.8195997715796,1527,50.98685714338279,73,0
L,304.5506051148499,312.5174699239584,1251,65.95400252235765,16,0
L,303.2119828255023,313.0300207195784,1575,44.53991517984518,246,0
M,295.01565105191474,310.1800806640463,1462,17.566919342524635,189,0
M,301.3640137018341,306.4032451819352,1466,44.903291648408604,156,0
L,295.511353814421,311.7115747337969,1558,55.980832786279144,185,0
L,297.5760722033372,311.2047378505197,1851,34.38499219444112,69,0
M,295.5952470034777,312.4225318719909,1245,62.790264876488074,205,0
L,301.0379545294939,306.69881006050736,1799,48.92097720144187,149,0
H,301.86589913492605,306.9497519990029,1919,63.95493509735215,245,0
H,296.14487638065907,313.9040951721933,2492,47.410318674840234,5,0
M,298.8383888304498,312.49977798452073,1800,17.877278320289456,25,0
L,299.56236508955544,314.08228488700325,1580,28.581502666311348,166,0
M,298.6905302176092,312.5871532116392,1317,22.107696895147413,139,0
L,296.21025000485196,310.97155305990304,1315,64.52958986301174,98,0
L,299.18947790187474,311.54132737027874,1459,55.62400403724896,141,0
L,302.5117804780842,313.8912792394001,2298,50.583902134600365,21,0
L,295.71007664533255,310.7880675451194,1504,28.057979177897302,50,0
M,295.801800140819,311.32391324328387,1206,21.04268632301281,150,0
M,298.5477129183598,306.564767160036,1565,55.387065279334706,175,0
M,304.41725711618926,309.739212201161,1722,38.44947675274478,198,0
L,301.68572646722913,312.163971119581,2438,23.547373129037748,103,0
L,301.78669956672564,307.70942698316367,1628,46.997318689916504,177,0
L,298.6191999083787,307.02254180524534,1990,12.42003112830712,88,0
H,300.9366079120854,308.13826808224417,1946,29.57021524769521,140,0
L,295.10131184027745,307.4150062799283,1566,38.11341967546808,212,0
M,301.3609604640954,307.14912637036394,1512,18.87750004656435,232,0
L,304.1328694757624,309.24850842868085,1737,69.07926865545038,137,0
L,301.1257346834482,314.07838513883536,2120,22.545841875376855,244,0
M,303.73698593466344,310.0705964673872,2277,17.821187802595933,182,0
L,302.2397305546609,306.87920380815325,2064,22.212092433213783,8,0
M,296.2055841640369,305.76971669380873,2387,56.143667989583456,78,0
H,304.0245330728584,311.9615614513792,1981,35.530339556310565,51,0
L,295.66443844355774,308.8279876443639,1533,43.92495638515228,129,0
L,300.33967472547766,313.2183094658536,1997,11.260549419181645,152,0
L,296.4213712379346,311.5951076864077,1547,12.065878514398873,12,0
H,295.11706610730903,312.9624145054137,1472,36.749532989620974,225,0
L,299.2203426012764,307.71946039418447,2162,58.99931459209741,50,0
M,297.9504070765416,311.92358922461057,1919,63.114332722453916,185,0
M,299.86000493797604,307.64061984693717,1699,15.202394055738413,33,0
M,300.77199886734553,314.39068479450293,2316,42.301786126061366,34,0
L,295.4373907230895,311.36374281533375,1884,64.79378117675623,229,0
M,296.23003295123743,308.24511800175344,1278,33.278365263873184,130,0
H,300.58642396450426,307.69511862292273,1821,59.773949885702116,233,0
L,298.4316735317266,306.90926585071645,2440,18.02173926396617,119,0
L,302.29173487549446,311.9464095889373,2146,66.12366938006792,186,0
H,301.5229164859194,307.18715612997926,1557,55.085399051878156,69,0
L,303.45604362989906,310.95303265927487,1817,66.4800635672141,246,0
M,301.92492826669223,307.64635026925356,1706,50.59703401315039,175,0
L,299.2993107739015,311.6196894479387,2404,31.80423591996562,191,0
L,301.7296662239443,313.14939728540537,1775,66.29087035148335,240,0
M,297.7538117425542,312.7802524314465,2469,26.53400657855071,146,0
L,298.0631349877821,312.6085133093078,1443,29.930351323703952,66,0
L,302.88985159920793,306.8772240569225,1705,52.04850508010442,209,0
L,299.46419516401585,305.8838494698452,1621,55.91897797152318,102,0
L,302.98380340518355,311.98948828487386,2310,65.76420903094923,72,0
L,303.2242237366828,308.6834721379435,1416,22.28814454337257,115,0
L,303.57562337661284,309.3234622640335,2208,57.879882113153435,203,0
H,304.1663523584121,305.3114909279339,2392,54.31276320381781,132,0
L,299.309852205133,307.5957644927505,1529,13.827673375215872,66,0
M,298.1886681832114,305.33676403874466,1849,33.23338847261242,138,0
L,300.82198746594116,313.7918577260125,1590,26.965927423605915,120,0
M,298.7117242343763,307.4339668321853,1580,28.269425461241823,93,0
L,301.0107416680023,310.5733716957301,1941,68.97681277328205,195,0
H,302.05585862643824,305.38979320661133,2019,48.56664480879567,196,0
L,301.88405018492136,311.6684739130566,1872,53.06056946760997,128,0
L,298.7455288702012,308.23027345754093,1712,68.59705823890056,90,0
L,296.6686020169875,313.97919186957665,2148,32.632106947458325,91,0
L,299.3052933846221,313.8811818893404,2411,58.110410107168356,62,0
L,296.4259414408191,308.2529061836175,2129,36.07185779826972,28,0
L,303.90097035183805,314.0096089569047,2112,62.17202030889879,209,0
M,298.4587746073786,314.9615767349878,1843,20.83945247867819,11,0
L,296.54459747223325,313.2541566412395,1626,66.86117062385678,76,0
L,295.2544775990575,313.4487134775523,1701,23.12630250465278,40,0
M,301.4582238628648,307.4900873610909,1929,29.573230418855893,129,0
M,301.3690231745474,310.76702398857753,2483,55.37153404640683,36,0
L,298.4060416658129,305.6725591396737,1270,33.6253084939244,172,0
L,295.71711888847653,305.9491793682167,1677,46.4926826059868,207,0
L,299.0962889489523,314.9889261203329,2401,36.67441006416571,175,0
M,298.1121749506339,308.2663924942591,1656,54.54219622538691,23,0
M,301.7712063973501,312.4818391204885,1388,23.699875142116653,98,0
L,301.0577924945269,313.0666505302682,1490,13.50747923421262,149,0
M,298.6459372819754,313.58023271007227,2119,27.995763848383973,99,0
M,297.1789255425499,314.97628297402156,1491,38.45851989210581,138,0
L,304.88035966155593,307.4149648525687,1955,20.081203131560713,246,0
M,299.54001621196113,305.403508268597,1576,31.28783737938332,57,0
L,301.8827423578024,309.11191517994587,2379,33.99898109761411,173,0
L,296.4055296757836,306.3008066982895,1707,13.443510621296413,28,0
L,299.85589699659397,305.22425889162054,1727,44.99843489105227,162,0
L,295.27536719869465,308.60426827141487,1758,63.06060567827725,239,0
L,300.0545511791045,312.8373825107524,2410,19.104574777183146,245,0
H,304.640174071177,310.6618069122507,2254,45.868480804090844,142,0
L,298.842067129858,308.12777989210355,1459,49.884352294650775,59,0
L,295.3899601257491,311.5434200549272,1620,35.1600808251573,94,0
L,295.3095579091934,307.32018180308813,1503,52.0658552418562,41,0
H,298.8798675994687,305.1438144607209,2141,34.64389260946072,232,1
L,296.60024936463196,312.64353386436426,2262,40.278237278646095,42,0
L,295.2335209632819,311.2374308486401,1741,10.441182673265619,207,0
L,302.5621361395018,312.6230262450096,2426,51.50320684808133,73,1
L,299.5852300888189,305.38938016687666,2289,49.68056073668347,176,0
H,297.89244771972653,313.3711962783065,1307,12.304052639580673,191,0
H,304.0008318301648,311.195262000363,1467,32.09500644370799,159,0
L,296.1613896020053,310.6339535071264,1421,68.74191044750005,63,0
H,304.5591882895532,311.2461404811453,2313,35.244193754117006,242,0
M,298.13966717377355,313.6443324686836,1892,40.1167243079105,1,0
M,303.8840367230868,310.8693650655891,1454,64.5958094895831,151,0
L,301.0294287647946,310.8095037988818,1452,53.03571255194539,214,0
L,303.2670735974149,314.9067915706577,1456,44.92420786745341,65,0
L,304.84013163210466,312.56730167068565,1582,57.868280880464354,165,1
M,297.88405437818744,309.42293805451135,1641,61.86197598735839,30,0
L,304.61135485407596,312.07397000032927,1798,37.413284304236015,114,0
L,298.8948189490242,308.89230471691786,2313,38.50650189591012,231,0
L,298.8551190473692,307.288754624835,1589,33.16305613911015,25,0
M,298.40387104254506,310.9685187688776,1781,68.00236840110763,28,0
L,300.4140760734758,314.2818209811395,2267,51.829975257421026,194,0
M,296.5414504317849,314.2913952001546,1797,14.993383972484338,249,0
H,300.53711485358014,308.4190527810549,1218,61.777577398781105,77,1
L,300.41704812410006,310.27677466221695,2324,38.83359645017609,24,0
M,302.6190181260487,307.11635898569864,1806,14.125234385349248,47,0
L,303.33649961937584,314.95631109498885,1232,42.983035309798666,64,0
M,299.40441350312426,314.81117907867934,2452,35.02985673854212,180,0
L,298.02333249351494,311.49508929707446,2061,62.66496429175749,66,0
M,297.5933489731709,313.04414059677475,1354,22.239676216563243,245,0
M,296.9462383670487,312.151001612837,2104,59.58787656953098,89,0
H,295.57647582199024,310.9315821903947,2469,43.461321471127164,145,0
M,298.4244797883471,305.53347996988896,1604,13.276618192808144,136,0
L,297.70247692130783,309.5476434255266,2043,68.31071807952908,37,0
M,304.66417385866407,311.7478630216741,2384,40.756914646191994,86,0
M,300.5770882625004,311.77531613883684,1946,27.45261125389495,148,1
L,298.4727703903051,308.73122618422383,2340,38.164410519355485,248,0
L,300.80467600993694,314.4169198665803,1470,61.47146701104934,64,0
H,296.39196701345696,306.6735703223678,1969,28.29418746310381,148,0
M,299.44043749202206,310.0035944621556,1371,21.56058378920202,26,0
M,301.26234321421066,311.9088397655082,1473,17.744274815852886,105,0
L,299.8889783179245,311.9713580589181,1458,27.871563903412675,122,0
M,299.01778800654324,311.48638956768815,2358,56.80288522240261,197,0
L,304.938483888997,307.7528821345186,1621,38.2975819117157,246,0
M,303.80314762148925,306.5620656868662,2409,23.648896221612397,43,0
L,301.2340595815944,311.3594032682671,1563,19.971099976584952,99,0
M,300.69377361182285,310.9930211613944,1577,29.963768590622745,27,0
H,301.20660479824585,306.7935601028924,1779,66.39546237314252,172,0
L,297.01312107822434,312.05139145570564,2090,30.581602755401462,16,0
H,298.9513774326432,309.5517199173366,1921,69.28744455727812,126,0
L,295.394595328909,311.67760591603155,2419,39.11382734592137,122,0
M,299.7554603748683,313.3736707977015,2080,20.749835097409054,167,0
M,300.4302458395766,306.69728428576923,2321,63.46840550761056,249,0
L,297.2774973610321,305.19144867996835,1804,37.62132238808961,243,0
M,304.64028847165514,312.7910258639579,1221,52.580280610271465,130,0
M,304.0945461093724,311.09697425152615,2395,69.0226949925491,75,0
L,302.22143235455906,311.9963956962212,1582,13.010521019198439,230,0
L,300.3338662876536,313.3815497498864,1333,15.801673587254028,203,0
M,303.69969159647684,313.028109348245,2248,53.22740448776537,193,0
M,296.30652343823465,314.6092014692882,1702,26.90950019772832,247,0
M,302.90509794274885,310.35935078852117,2408,21.058083817005944,45,0
M,296.24820813966846,309.8849563265991,2308,12.36171278918377,213,0
L,302.94210662549403,309.0188719989073,1343,11.31080271917211,214,0
M,297.7576756825136,306.53691042844207,1423,56.46913618718745,157,0
L,303.7709058101819,310.72607232882024,1419,18.066005642173,68,0
L,304.44042093825396,307.77012524325977,1378,38.06323695826905,136,0
L,296.48795969405114,314.21307512212974,1632,46.35380891076898,84,0
L,299.6267560506539,310.831908042771,1464,35.701108034130776,10,0
L,304.80987378162683,310.9284018050811,2153,11.626399140173987,68,0
L,299.83407435973146,308.5492466087701,1628,57.01009015527453,98,0
M,303.63547522514546,305.5198935197771,1615,10.63079347249921,90,0
L,300.8873152213132,305.3174376537299,1926,55.71339366264904,240,0
L,298.75329907919604,309.23335144153197,1396,63.598269627287365,193,0
L,297.8578355552587,305.8456537809724,2276,35.97039526343033,215,0
L,297.03223091086085,311.0684695554014,1679,42.13254838586789,158,0
L,302.617981913777,313.8097300563966,2474,38.61900355705923,160,0
L,298.8654050682303,313.82914816518723,2089,33.35251711740633,166,0
M,300.1127546220075,311.59045410132234,2124,63.245472122221614,93,0
M,299.9232548000118,307.1123183147293,1322,63.63601064019943,173,0
M,300.7727902923313,313.62996831358873,1977,30.148981878492073,164,1
L,303.65577145624553,313.8609343531321,1547,46.90418524088188,114,0
L,304.8073934358343,306.9665358495296,1228,65.61445372875184,219,0
M,299.07584208573815,312.37426085770676,2174,67.7235099364811,187,0
L,303.27518922106304,307.86519548927123,1234,40.537542425322854,30,0
L,302.6452779465472,313.0264031235293,1822,37.1694883170596,10,0
L,300.73528951455575,314.97237899903604,1788,26.721658955711547,86,0
L,304.5604714361193,305.3002600532939,2370,67.5323123914246,120,0
L,297.004745155284,313.9736586579093,2290,18.56885826837204,129,0
L,296.09264210309624,311.2263053359866,2103,44.7897745628635,231,0
L,303.5396196695542,314.73382619164823,1719,26.953016051118333,104,0
L,299.3914981663375,309.65009517526425,1321,26.740497420867797,26,0
M,303.4696885420706,313.47387930571375,1539,34.298115242571306,226,0
M,303.93090205195415,305.62394068598275,1374,69.92757614893927,1,0
M,295.6245759361907,308.35279050078293,1796,13.297978410389323,102,0
M,303.8346476298606,305.6701653775121,1650,44.71250909221189,100,0
H,299.4831905536942,314.7534313347907,1756,14.95432948211663,20,0
L,300.10432489004234,313.16973907271836,2359,19.27124979943114,57,1
L,301.26592511093213,313.5254742124597,2239,36.37377650637392,132,0
L,304.26382606730084,314.37965231433895,2418,40.62760788078648,179,0
M,295.1911609442976,305.85103486119783,1208,25.52754450187144,172,0
M,299.76843468317816,308.85597592513335,1533,28.987427852464972,84,0
L,301.8772204243056,305.71034889044,2216,15.218021215355984,92,0
H,302.2270695769823,307.1079310155003,1526,28.193187030655032,19,0
L,301.9253243153711,307.29365777037674,1214,67.99350636283265,60,0
H,296.3443512940812,309.6910721104758,2038,66.6824429003489,37,0
L,297.9939558837168,307.68562167453643,1425,30.0926974082191,147,0
L,298.5871552541701,306.00978106817763,1312,44.2512361767257,241,0
L,303.04437207679507,306.6749108909411,1200,64.57572346665665,24,0
L,297.78759872414554,306.4727556355209,1465,10.3710293584538,129,0
L,297.10704963867204,314.73076797912296,2431,58.641014220255514,120,0
L,304.57448019038094,312.59292506918473,2151,66.90217316733515,159,0
M,295.08863285113466,314.67761465269564,1505,15.479544060013424,25,0
L,304.97820855681977,309.39740486507907,1211,19.686861161975262,197,0
L,301.76821298857396,307.7836848166266,2136,67.64477816628133,168,0
M,303.2846929944912,312.9829319720919,1619,42.25240861842078,248,0
M,297.94619396346195,308.26253918041147,2088,10.851798068303422,66,0
L,295.1431527766706,307.9938337370535,1370,25.45791992581175,224,0
L,302.3786951856153,307.3250599220783,1333,36.99662045613158,0,0
L,303.34144597000676,306.29678978224234,2164,51.57453466148606,50,0
L,302.40476131953517,307.5646306101677,2248,53.98962268820797,4,0
M,296.42850287300837,308.55319748473886,2413,69.72529077552737,12,0
L,302.5342792225697,311.7399420814573,2364,27.250671963025543,146,0
L,302.68922782107643,305.6256484221945,1857,42.293206112108514,139,0
M,301.5854051567006,307.10506939665345,2315,41.9994128715763,47,0
L,302.6611593279559,313.0902364029168,1378,34.33871556683425,152,0
L,303.4592143967773,306.4692192358377,2279,20.14971363054521,56,0
L,301.1360411423746,308.4264514652252,2378,68.64739379103055,114,0
H,295.8860471396968,313.6465892185814,1310,61.19903119999516,34,0
L,299.8762780966721,306.54925311143444,1336,39.89998169765423,75,0
M,295.77649334671605,305.8273683561819,1431,46.19472536104179,93,0
L,299.0754303103243,309.8453799508001,2191,23.63566321357974,4,0
L,299.0710648912563,308.0241951127854,1667,42.62722422350481,225,0
M,295.6600984414024,310.63408364483854,1931,51.69820798728855,21,0
H,298.4882053396948,313.03804890483474,1680,40.910021703195326,102,0
M,296.10998098791316,306.3714848815274,2291,69.41711023509647,204,0
M,303.08235210009224,310.8069908455428,2013,46.68049937486357,184,0
M,304.4768802596447,310.05508760389864,2472,32.25842275553014,174,0
L,295.7231647525794,306.440787860132,2193,56.329121656950285,181,0
L,304.55115207291703,311.23998485528983,1522,20.227750694898525,130,0
M,300.2257659933675,307.7364041786077,2121,33.070948822375996,123,0
L,297.99565677953876,309.87834318544014,2103,30.817537022655152,52,0
M,295.76862075276165,305.8227232427706,1805,35.90842570646664,211,0
H,300.0062426807042,309.59584057213624,1628,56.90678955572358,158,0
L,302.94515544490747,308.0646346804282,2492,39.050381929804445,68,0
L,302.070864772667,313.22381211185353,1347,57.64086701595777,215,0
M,295.50226011463974,305.5697872699737,2341,44.58933418839195,103,0
L,295.729018353679,309.1860727491833,2049,30.52416607945332,245,0
M,299.02873282632635,309.58431424131436,1566,58.598724621008344,160,0
L,297.9529049404794,312.2500607629912,2049,24.297380233185493,199,0
M,297.3238432305605,310.7428757509021,2289,23.46297878798773,215,0
L,297.81004498908715,311.67212337194184,2012,40.27017544329014,177,0
M,303.0348274329688,312.77049285651754,1374,25.650954757725337,211,0
L,304.2922805363185,313.6220297365819,1787,10.54522209707298,15,0
L,299.0510269452757,308.1387549672247,1694,48.89785163792809,241,0
L,304.06111002132496,310.38022705363903,2172,40.66562928834388,115,0
M,298.2149570124788,313.401080784392,2337,36.73106886958967,75,0
M,299.76436986343793,314.89451130965057,2334,68.01811087709892,204,0
L,297.26028997816,313.8951931104376,2370,44.27195103777482,108,0
L,301.40476042175845,308.7146726262438,1234,61.80589466736307,233,0
L,304.7898111517481,306.9516651721865,2198,18.36701417230961,38,0
M,301.03493096043377,309.8939253740659,1737,44.15238778776566,88,0
M,298.5781408411355,312.4164145183604,1949,62.07877760385417,173,0
L,301.4781744599053,309.92569070753297,2237,44.98634543679388,223,0
L,296.22920678465385,309.8318086331367,1573,53.08085068762009,215,0
L,303.886590802654,313.382304210818,1756,32.32261406873244,111,0
L,300.03083950779836,308.6140377906719,1432,15.546971022223996,46,0
L,299.4934974203964,313.59794674811644,1904,37.474017707624284,171,0
H,300.8586478845352,309.0680480095172,1762,33.668763450331454,136,0
L,301.247838627894,308.2823310567834,2138,62.02361094273684,231,1
M,295.71775806226515,309.539899111997,2086,24.639718141148336,241,0
L,301.82617221223404,312.62446958674866,1925,68.00405365210648,214,0
L,297.4193168031553,306.26002027863996,2498,67.48828718826977,127,0
M,302.1395263250659,306.96419215872015,1275,24.85789858428632,177,0
M,303.22534794384194,314.51444825663094,1638,30.88311732863923,76,0
H,303.0395850755252,306.7549162738136,1898,63.7333444524331,187,0
L,300.5250096740789,310.67727317931053,2114,67.99733325376644,223,0
L,300.20169892310753,310.79314466661936,2090,36.60634617016264,241,0
M,296.4287596133941,309.89624462050244,1891,29.25982273845387,14,0
L,302.75346150403135,311.44745248576817,1452,41.56564079509252,35,0
L,297.71409380446715,307.2982672579762,2349,51.26615238194409,240,0
L,299.9669542281795,310.5266226777675,2400,26.408470922498786,62,0
L,297.8427409292752,308.72173255246895,2260,54.18839047714437,68,0
M,296.3382836299969,311.6166725962919,1609,13.099441426878462,213,0
L,301.2955769689174,306.4122354337315,1326,12.957669565864986,207,0
L,295.54332034822903,310.70877416839477,2391,33.177262308732715,168,0
L,302.486452341262,306.85270355383324,1791,31.208391523643236,73,0
L,298.17586795261116,307.7864306311504,1493,28.937992922029135,23,0
L,295.00134693004486,307.18709800323586,2219,39.4611857601346,209,0
L,300.1112913923723,306.82837779868817,1509,29.244014938694274,48,0
L,295.46851908527606,313.25710951560666,1861,21.535475108085514,145,0
M,297.761695578209,307.85707567660893,1727,28.568172945316054,6,0
L,302.06976487455717,314.2712378186445,1739,68.49425636861409,3,0
L,295.62689621621865,314.6992652534519,1618,34.66680501969091,89,0
M,303.39338492356,310.71260469937096,1643,36.68276661150014,196,0
M,295.03819922658585,306.43001122665726,1884,44.5926993970684,59,0
L,297.46823869201904,308.7454824337958,2039,69.0004461048536,54,0
L,302.4090405615207,312.9773226334821,1435,24.496076586145783,15,0
L,298.1627014972931,308.6739072869707,1413,50.87692663194603,226,0
M,296.0189238806601,305.8701721830279,1284,52.95908161250345,217,0
H,298.6023391880043,310.5678491092819,1993,46.439465007583955,209,0
M,297.70393286384524,313.45120851496034,1284,15.314700378198644,28,0
L,303.42711902160556,312.95926387143504,1264,50.612336549654586,150,0
M,298.13347917585145,306.7512314013035,1862,13.845682662170528,244,0
L,302.8893247177601,311.72764614412466,1826,45.768558972993816,13,0
L,303.91872144810736,307.20504263435646,1263,54.37487063330456,78,0
L,299.3381741957653,307.1820753455217,2138,22.658193437197024,176,0
H,304.09943143854395,313.74071773305184,2118,60.49732045256644,32,0
L,298.77318053963194,307.4966895274023,2381,11.821228331980256,152,0
M,304.6407841649011,307.6324734651801,1690,60.62877181949837,20,0
L,295.8928952452557,305.006533907613,2448,37.6197430385659,144,0
L,301.87019266503245,313.7066903412552,1512,23.05527639589867,22,0
L,299.9381404045693,312.9259481320913,1814,18.02668869963808,56,0
L,298.8764880545565,311.2732893509068,2118,67.19843005494235,234,0
M,301.32711878748603,312.5026576393884,2012,14.359935254869402,208,0
L,302.0385709163433,306.5204856742449,2139,21.94560519615554,185,0
M,295.0436326965031,309.58323594587574,2311,30.86934084598276,141,0
M,296.669530887472,308.51219387348783,1879,47.21409093766723,92,0
H,302.1304605063432,305.93776526257017,1634,42.6880651165659,19,0
L,301.66385413578206,309.86130485214926,1881,17.53860954473884,157,0
L,304.66047505128677,314.20739650342637,2358,27.383679024292878,18,0
L,302.6103779025078,305.40059119050693,2273,24.325106265161445,180,0
H,304.5077270773134,307.91460913493796,1539,22.81257126942048,102,0
H,302.02540501534804,307.07540936205703,1546,34.66866018879922,183,0
L,297.98052208639444,307.38146653665694,1845,52.24188715549941,76,0
M,296.05364922250857,314.0843455187937,1848,23.047175933034154,209,0
L,302.81823863344937,309.6806905423429,1444,32.000732782178886,150,0
M,301.44149221475914,309.6629941293982,1308,33.45504561046974,189,0
L,295.48186012393296,312.60575642455285,1732,68.58739176612461,237,0
M,298.6005046590098,306.54492204004924,2313,67.27998141274414,32,0
L,304.5679981548429,309.8726535410005,1495,58.00825496512456,230,0
M,300.004011457102,309.2998521412106,1311,24.49953524915111,231,0
M,299.327291360197,310.96910690546656,2400,14.082238845500182,17,0
M,299.5769960515929,314.9955770325044,1542,29.014248263237484,72,0
L,297.0888272400516,312.69448894082046,1300,26.00767296602985,160,0
L,298.687071708648,308.97865703017425,1828,40.35554800878363,159,0
L,298.69813255987174,313.2755305227405,1227,56.66367460406759,188,0
L,295.52355020187474,306.7070836331248,2136,61.49937633273148,181,0
L,302.6756762851792,305.3046368630896,1257,60.69184512463051,16,0
H,299.16504431903877,307.0444837246427,1496,31.580533673384068,18,0
L,303.2217988681642,308.4041155611426,1333,51.23406060764098,218,0
L,303.503480011199,310.1058075745956,1448,28.770051851453204,69,0
L,297.1199405469866,311.151291405412,2220,13.654332594110963,226,0
L,301.5735348217013,314.10605717214423,1749,52.093915936176536,119,0
M,299.7228180416298,310.0985400955046,2101,10.589653154187271,100,0
L,303.8015673792149,310.0127564462573,2298,34.550955247509314,33,0
H,297.1574067917645,305.5024300982298,2033,29.762756158124542,83,0
L,301.77813200310044,305.34911552656223,2391,51.602652311131145,152,0
H,301.07752122252725,310.51159961916375,1970,55.97472836562274,195,0
M,297.9530147757183,309.38178613248346,2448,28.24567815827703,73,0
L,296.36600903651174,313.391803949803,1345,58.69762086669121,201,0
H,301.51639760477275,306.60679584711846,2464,27.635005630296025,87,0
L,302.3859745813233,305.2497166211705,2092,36.779581599193676,84,0
M,298.1562734376335,309.49038767930125,1543,53.62111162084803,10,0
L,301.44832604022315,307.37478556752257,2258,51.57521375348731,90,0
M,298.951309076115,305.49614373338835,1901,69.24210833873201,143,0
M,302.1320688328262,312.2459828684763,1200,23.50966145295591,217,0
M,296.99215274894055,306.1159299995725,1352,49.739074812374945,188,0
M,303.90215002636177,311.0831950000777,1628,46.58091449654664,221,0
L,297.8740959646558,307.8104975016689,1707,64.9059072694018,126,0
L,298.6778598775615,306.7349605035502,2349,19.381728498692503,112,0
L,295.5809195208035,308.79751522919315,1690,55.10788981521598,79,0
L,296.11512212321276,313.01445776222954,1544,44.0961169761261,6,0
M,300.1586190271233,308.92093576904574,1420,26.479952187274325,15,0
L,297.6759267672797,312.50769649211054,1922,38.466094848830444,226,0
H,303.35480225742197,306.2548629679915,2248,30.02659582418787,249,0
M,295.14693388654956,312.72771419665077,1727,44.75880416730765,15,0
M,298.79094048671936,307.3693332490665,2405,63.34003664887995,167,0
L,298.3734554676909,311.7739312988887,2040,44.15829906473212,11,0
M,295.193276309176,310.65781554841,2265,47.90334509959504,34,0
H,296.2436839900051,314.2914471721169,1680,41.12487082688257,240,0
L,299.13642674918634,308.87322517975315,2129,13.069930386728554,20,0
M,299.9286458444745,305.6616518883444,2071,23.971513412565656,177,0
M,299.0428974725487,305.19155485551255,1544,39.520103765924965,170,0
L,300.30937678412096,313.26858560972755,1244,28.614117024682287,227,0
L,300.9513167490568,310.24735637661433,1220,20.905815865671652,239,0
L,295.09923821127836,312.7524405183495,2293,40.2479705151063,16,0
L,299.64095159453507,307.34425600011514,2072,29.36858760687102,31,0
L,304.63499240887586,308.45083745513233,1247,25.486458590404883,40,0
L,300.1903228012955,305.30103872211316,1750,37.83912504642285,133,0
L,301.77542267458955,314.6149232457411,1486,17.99705548493039,215,0
L,298.1186385791688,311.67867906700815,2201,65.66474398452443,26,0
H,302.7399137815276,314.3320508775931,2233,62.062125875154344,147,0
L,302.72921481876114,307.6549640742907,1741,52.45723514443212,152,0
H,300.2129604765414,311.1146361122566,1955,16.37282965530737,65,0
L,304.76013823279214,311.78499968292635,1473,56.55263526818158,136,1
L,296.25550214762654,308.17549700257587,2155,58.47743968654114,91,0
L,295.1694766488958,313.4810923501563,1799,56.06587706286026,180,0
L,302.701582117571,314.4716146290025,1580,16.837953227154472,60,0
L,303.07155537364883,313.84855117696003,1678,48.634477424065885,165,0
M,296.20207229120575,312.39066975939375,1214,60.05948774496391,2,0
L,297.6558283295861,307.77464679724955,1715,44.64120407318006,211,0
M,295.1755236336663,307.81616042105634,1390,48.78444251368534,197,0
M,297.93308610780565,314.63360320446037,2391,37.501808765578375,102,0
L,302.7314187391867,305.1028449593569,1820,41.72243919304316,224,0
L,300.1796052771258,312.16049973242144,2360,12.062611501103513,54,0
M,298.4809559316829,312.0624616255526,1353,48.33778131839708,0,0
L,298.7173929490633,311.22689540949796,2432,14.886832773469552,100,0
L,295.01353625715467,314.90108846086866,1471,36.10087566041341,197,0
H,297.99800527565236,308.1187943576372,1342,27.559305860044468,44,0
L,301.4645874163793,308.3997186379325,2292,42.72567701270278,225,0
M,304.74194443816356,305.78939402946554,1446,18.004980131392426,174,0
H,303.470608269839,309.42798136543735,2484,51.49860411839909,206,0
L,295.2359496464553,307.6104852623485,1987,57.70069221570822,236,0
L,303.9856060467484,308.43386702177645,1278,19.80126698458939,25,0
L,302.83198413298624,313.34571790255626,1822,16.258785241112932,120,0
L,302.8037612357098,314.35484513527496,1724,18.73092896724155,141,0
L,299.5799575900357,306.85733072005183,1971,62.62765371391011,249,0
M,298.980052929545,308.72508931553466,2137,41.69135570538137,181,0
L,298.02915728833193,314.28630562115393,2412,38.03565976045016,198,0
L,295.6569485895437,305.61808460689224,2318,16.402709146141255,45,0
H,297.282353634937,305.9236052811138,1816,48.97336040541771,121,0
M,297.46603634978027,306.6279098920623,2231,62.07997551370539,30,0
M,299.840770697102,310.95212834126875,1266,59.691152159407174,215,0
L,302.47444406596696,306.50472271006,1390,47.56328253884808,58,0
M,299.73809828397947,314.6807638145073,1967,14.516722999100418,222,0
L,295.5784444944716,309.4671452725852,1720,16.743821630560777,28,0
L,304.57789800988206,310.0151796035017,2189,12.95853922658948,105,0
L,304.4272431909411,307.46658615805404,2340,25.448752989548158,223,0
M,302.8518954314841,309.70960252434736,1466,18.139688029622665,16,0
L,304.9132790156422,311.6191363263701,1684,25.602882415146034,141,0
L,300.44482332800266,312.51177136954044,2387,33.1034833431377,231,0
L,304.6276835025321,312.53868082709914,1575,66.57896704426814,163,0
L,295.7560504061675,310.7789111269409,1852,46.62256358690152,185,0
M,298.6568074826137,314.04359774993856,2491,60.09842714097774,239,0
M,297.25381268006765,313.1740784730611,1748,52.62109004273994,23,0
M,296.9583308413427,312.57048114698625,2297,16.750187831597906,108,0
L,296.4080294889268,305.5560552168046,1272,54.15522438243693,190,0
L,301.22413641566,305.0687796221965,1507,26.505932893547467,245,0
L,302.8132185574731,307.12447277195474,1398,48.34647081968238,90,0
L,300.7829839942036,311.63523593913453,2353,30.45771841857931,24,0
L,296.4696270958821,309.11197488882544,1771,69.86033579587955,186,0
M,303.1112376993347,309.0240625929931,1990,25.81308876980667,31,0
L,301.3595470716373,313.84586888229614,2374,26.74782824645618,115,0
L,298.88165706126995,313.9556284813184,2429,65.8403353337439,81,0
L,301.74130295536065,314.09175264053584,1378,11.47866427817936,109,0
L,297.59904979242833,308.1387807651503,1396,51.801339272391814,145,0
L,298.4519220849421,311.9105581273926,1934,53.51958344415269,36,0
H,304.1748584313199,307.7163318127437,1288,60.18271464462396,25,0
M,297.9050450567142,306.9060983307445,1998,68.46635863830852,136,0
H,299.69988268157937,306.8463245734737,1987,68.53611514939914,226,0
L,303.9014113739602,308.42107620863595,1947,13.916605453987835,63,0
L,302.07721350267525,309.2995761977982,2406,59.31035936517415,71,0
L,295.622032261647,313.3094917105507,1408,48.77859601944288,147,0
L,296.4730304427897,306.1989109347271,1692,48.840528062385474,181,0
M,295.07841590771915,312.34925847394896,2353,17.70099559688169,105,0
L,301.3092179022916,310.31454914189305,1864,49.0112299867392,85,0
L,299.4767342541042,307.87945342675994,2236,68.94895483607488,210,0
L,296.3427485090228,309.9281958453282,2070,64.70911417236681,157,0
L,304.5793412105677,307.99942069777023,1931,36.34783964829103,52,0
M,300.2965972394562,310.96081955238304,2329,12.396878397165661,91,0
L,297.4189329411289,309.33843922855243,1897,31.73760940001229,98,0
L,300.0060357115471,306.6440552907888,2322,59.58341869603331,234,0
L,301.79620332735107,306.16583074555695,1793,52.089946087909965,190,0
L,295.7623921797356,310.4669568207213,2085,37.560619335637384,10,0
M,297.74703815047894,314.02413033286103,2051,13.306092109529866,30,0
M,303.06965490883994,308.43957686557684,2415,35.613683669398156,176,0
H,299.5966487040266,312.33000107222625,1524,38.14149638307301,239,0
M,300.46577142032294,311.58661354939767,2178,65.71333197364817,230,0
L,299.3281600220947,314.3155491430948,2155,48.46516621492957,99,0
M,295.43899942643003,313.2098101729914,2093,28.699174999278934,221,0
L,296.6574977982016,310.66605258905463,1343,41.51909586704328,86,0
L,299.4554163874189,311.5703049823411,1583,13.963318469329604,146,0
M,297.09185465407927,313.9838646658404,1415,68.35409413898421,139,0
L,295.4997902865968,308.99518784586934,1523,31.60359411584356,14,0
H,303.4364966405182,308.26794705857776,2238,38.672041294788144,158,0
L,304.81192529164116,305.10811083635195,1416,31.317038454215357,170,0
M,302.9314287399674,313.2655107419146,2150,50.95070380697201,100,0
M,303.53784921704664,313.00980700403363,1382,49.733929499775584,164,0
M,297.4197713031705,306.0445451810015,1469,52.91933863174814,206,0
M,304.606269755132,310.768573811327,2144,26.08859377671525,28,0
M,296.9692570445343,309.6398169816689,2069,28.94010886984396,113,0
L,304.51429810361833,306.1870909550911,1666,17.51507386577248,106,0
L,304.9481929396595,314.80568227060724,1504,49.33059831076675,153,0
L,302.11722805746047,307.1469588746336,2367,12.387827640139154,107,0
M,304.8114373179182,305.6723418009056,1310,45.860940131407546,129,0
L,300.69539779567106,310.9484737950191,2213,62.18175309109803,83,0
M,297.5954178317609,312.38866677133035,1431,63.449928897378015,14,0
L,299.3699588566562,305.3244344604719,1794,36.9422656221977,243,0
L,300.93560935378787,311.58717638727023,2496,37.558221292784424,131,0
M,295.73081562027016,310.32291875951455,1372,14.618150980481042,213,0
L,301.22343264617245,306.0326500887505,2172,50.245901526582145,49,0
L,304.81177836762294,306.7252387694636,2230,59.27556522237073,165,0
L,296.90107649783727,310.6797429731608,2378,24.67930327628278,22,0
H,302.92595116288385,307.9635761351329,1745,35.278052898001874,58,0
M,304.07898793779617,314.38315728651315,1747,60.33036020591622,89,0
L,304.4370159282022,313.1874022948405,1717,62.627228059737284,114,0
L,304.60135604405446,314.83567206513663,2113,24.590798815853557,74,0
L,300.2145963872147,307.59670838950416,1414,43.034238072481855,155,0
M,304.773079079915,314.6972363279798,1333,21.549589038149623,247,0
M,302.5731020713444,309.3123386979156,1484,16.112725848373394,193,0
L,296.61671436236963,308.47518795313755,2349,64.66723008351745,122,0
L,299.7690010646797,305.50349526969353,1885,59.23045025392655,135,0
L,302.18331175372003,305.527652578596,2375,55.602094108190435,156,0
M,297.4734031581908,311.92011255946653,1530,12.925979128788425,138,0
M,301.40615183548886,309.5792899443403,2338,60.62372756261545,228,0
L,301.6660047904662,307.26521626036106,2093,36.28264455432303,17,0
L,296.62699743808565,311.13970306325234,2098,30.54370739775158,182,0
L,300.65085312452754,307.5285811825011,2298,42.788581661522585,49,0
H,302.7162691097861,310.77631754344424,2389,15.48119456341335,141,0
L,299.9889566453594,308.5920874698269,2412,55.39879296114393,117,0
M,295.1210311677611,313.2355222661182,1277,44.946104613297756,201,0
M,295.0903846907929,313.2069616076678,2146,21.19540581239005,226,0
L,298.5702934397001,309.773503981224,1887,21.293931986142738,136,0
L,304.26194068431784,308.50819109335015,1220,21.054919094360454,226,0
L,297.2867677960361,308.62559796559094,1765,13.42014325311604,138,0
M,301.34363688871684,313.0571452566822,2407,45.26790696230109,190,0
M,297.2207587069332,308.2817948279761,2445,60.42089065531049,107,0
M,298.2166998965955,307.09059373706845,2026,11.049892839243316,203,0
L,303.48042089601483,305.84688341875307,1378,12.940278698276412,66,0
